order_id,predicted_minutes
700002,33.01320165951446
700007,30.884474091451427
700013,50.400980425907036
700029,32.87030729201422
700030,35.53614430595744
700040,35.41668263332893
700046,31.166977855764223
700048,18.158410148215964
700054,35.25919266902161
700059,27.446713358952746
700064,38.840486604410934
700078,25.226151065861114
700089,34.10627468803001
700091,30.351355939584728
700092,34.95000984852826
700094,44.920035021870916
700114,26.007362234287545
700116,38.3972619983166
700117,31.561098696641164
700118,48.210965961725684
700119,22.08929440185724
700121,29.757537967660536
700123,31.211888230232564
700124,19.06360784818344
700134,34.60555831502749
700136,37.12524137493183
700146,29.149852216589668
700156,22.53432584377392
700158,32.853119418105
700164,35.00609169047449
700171,18.68011341978242
700180,26.210599857677707
700181,27.430031815940477
700196,26.042571155133434
700197,30.22622727915198
700198,46.071024350948775
700202,25.759798462120536
700222,17.10700506053567
700226,32.71433820298705
700232,32.08888139423192
700233,27.814585999767804
700240,36.25205887676
700241,34.75766337723995
700242,30.62943347931386
700250,17.600994564534414
700251,28.327942246349746
700253,22.73720676293217
700260,26.268695744441313
700265,24.351330072315374
700268,28.508121401310493
700271,19.7764756924581
700274,47.63975813854067
700277,38.15261153440479
700283,30.62775376670632
700297,30.507375158867134
700302,62.09907937933155
700309,38.538619237600834
700315,41.4058680922714
700316,48.65012398148801
700325,26.802550892002873
700340,23.01316820112029
700345,20.201504648905335
700346,45.931898476293156
700347,48.6574724122181
700350,38.77651164630523
700353,36.188729147112355
700355,35.578996977317374
700357,31.50121844594503
700369,20.37591339244593
700378,31.79865370574732
700388,32.03676269470931
700392,50.15980095265138
700394,29.65637545405475
700395,21.54612904047133
700400,26.770800192113512
700401,31.37614321614078
700404,26.545205098431218
700408,31.026864839366546
700409,16.07623135277137
700415,33.6460127085961
700416,58.49932135000096
700421,40.50902856596703
700425,46.468888915224724
700438,30.411549332408303
700440,23.697549357593914
700442,15.586386628610768
700446,34.421513644252826
700448,22.527326285665897
700469,38.83113616008827
700475,41.19571742323989
700476,25.97819220903798
700485,36.4773169416894
700486,34.02534266309515
700489,29.23958671336943
700496,23.026936603152542
700503,36.73535903100369
700507,31.345081801778374
700509,33.217058344780334
700510,42.701975215168495
700512,26.676650058085773
700513,31.497799037810452
700520,24.843599422000704
700522,29.99724127083169
700532,28.487976134354238
700541,34.55276465996231
700548,35.46885684298752
700558,30.963771568708765
700559,23.19874767034018
700561,30.452341536631863
700579,22.62597817786589
700584,43.29912604513356
700590,36.06617352841223
700606,43.444925011219354
700609,27.450341931979498
700614,43.207540234234614
700618,30.906377049304975
700621,21.884630609073586
700627,35.52586851574735
700636,47.302222918528905
700640,22.54187938798131
700641,43.20769078853595
700642,40.21196190988718
700643,46.85568684837668
700652,27.91309362353459
700654,17.468015556559596
700655,24.268051525802797
700663,27.220433880550775
700665,47.32348559341027
700666,50.028975962502706
700688,34.263199091747076
700694,51.73761377350092
700701,33.98770665907955
700706,35.36288583731925
700708,28.40402364200323
700715,16.048350833119567
700719,38.2936047324306
700720,24.25722737808249
700725,38.96458379478252
700726,48.21957784519012
700737,53.153173995765904
700742,33.16936577496915
700743,23.48378745064714
700749,29.429344905299303
700750,40.84900977309326
700751,31.93302537014974
700752,50.90010539459487
700756,29.348195320663216
700758,30.79763062552376
700759,29.594485035705194
700761,26.939935450935447
700769,39.858474310167686
700776,30.044118088253995
700781,23.590438461101115
700788,47.59190789315657
700795,22.14353653786801
700798,45.60852285001753
700800,25.638477306529342
700803,39.27191306243888
700812,26.6146670863301
700813,39.41770081841738
700821,36.65519331625857
700827,41.885775976321725
700830,20.43108468109431
700834,27.53369656064487
700835,41.25808342339301
700847,21.914257345869036
700852,23.591477482047228
700859,20.152577535627945
700867,39.13272303568832
700871,41.346347742333
700878,32.861327752466494
700883,32.07212053894288
700887,61.560592116361924
700888,29.78894032139421
700889,26.054788374758004
700899,29.79207849826201
700902,26.47934403694275
700908,31.240589376118063
700910,27.750074006548708
700912,24.84039074068126
700913,21.10079139575718
700918,44.73619121674184
700921,33.53992773855053
700922,28.06338737830896
700929,30.867213869358128
700933,31.70939829380651
700941,18.907159708055275
700943,26.18020767637405
700946,30.92858533783835
700948,41.97761248555087
700949,37.91530224505334
700954,35.29625454522768
700955,37.105583633600176
700956,41.108133090200596
700957,30.594265152723676
700958,38.385944400159204
700961,21.510057856374416
700968,33.065573296914366
700975,27.930881729834137
700977,30.32809527922366
700978,22.96704003841409
700979,38.67199544348767
700987,32.44643421510606
701001,40.287093537596085
701010,43.43386265182837
701012,28.938201618763625
701013,25.18811835262163
701015,16.986095810351493
701018,26.039375952410484
701045,41.18389946311193
701049,28.840022978380013
701050,22.526861854393836
701051,21.259583824721528
701052,34.35767646299184
701059,24.10607064580124
701063,28.91131727571007
701074,42.81823805426337
701085,31.404622780097917
701092,62.94173284346597
701093,24.281341781916936
701094,20.579897304681552
701107,23.33298540249481
701108,32.50126659554942
701109,27.02341198141773
701132,37.58778165020319
701146,42.155383624102825
701147,29.5459233215951
701149,29.724254384124805
701155,37.08857393903811
701160,38.972633733890056
701172,41.23730547742699
701186,26.171957212852192
701195,35.06926988624193
701200,45.60509348000904
701206,34.27131011321959
701210,26.90767223694693
701231,30.235993249844093
701237,35.33090672257538
701243,36.15307740125928
701246,27.262557181602542
701257,37.86503363948887
701264,33.044149008681465
701285,30.691799294800507
701290,39.10913110216158
701292,11.785773844635065
701294,28.569639102139696
701301,31.25462507745401
701306,41.47316662967787
701309,31.83232503388162
701315,28.0992340147551
701318,31.564001094229408
701320,28.415521838858105
701323,27.924265090389742
701325,20.900954302721523
701329,27.817613519673483
701341,56.82408186304462
701350,30.353260134919104
701361,40.015790407276505
701363,31.08135504841069
701366,15.077312347055127
701367,23.546311203129754
701375,34.822494820798745
701378,22.883931975019745
701379,34.29263053722738
701380,24.252834201121328
701383,33.47245758500302
701389,21.117389927180383
701393,11.483205572973233
701396,29.433327816695783
701398,30.00301434774827
701399,29.507442370650548
701400,25.20873304096371
701409,32.41462804642033
701410,25.820195617040728
701411,27.64840652635496
701425,32.72557897881017
701427,30.535610946012333
701434,40.39046686314178
701436,35.30562460369074
701440,49.036855891817815
701442,27.76357714490132
701445,28.30248604235203
701454,19.98343836890641
701455,24.346794564474667
701459,20.637505854667353
701462,23.43718574166178
701464,25.688538097706328
701466,25.963692515321796
701467,34.60168311407717
701476,26.333061655864512
701477,30.59044096601944
701482,38.42886785464295
701486,19.035831695549714
701487,34.531425788849226
701490,44.946069683238875
701497,29.377576170165682
701499,46.91184143864042
701500,23.10419161322753
701519,36.530787298414
701520,33.71908091236056
701522,35.36150160689083
701538,15.97409386023017
701545,24.647119122422772
701551,42.040103894086215
701560,33.41252295204789
701562,32.63606475524355
701571,42.64358306009799
701572,28.38750198861717
701578,21.42670547851741
701588,25.242430742692733
701589,29.15516319127215
701593,39.901646977096135
701603,21.36846921566974
701619,34.51864709432083
701631,21.77020216182382
701632,27.989898123230994
701635,20.07566672944342
701642,32.82368274619933
701644,31.18413518540641
701654,31.675337815766746
701655,28.59063003187735
701662,26.16203299811345
701666,26.795179688345584
701676,31.3663522960788
701706,35.99540934900437
701707,29.82373209162122
701714,34.61456312825927
701725,36.35104498176648
701726,31.141952191931654
701730,18.931044890770757
701732,54.25815463889184
701747,23.735042772193285
701750,41.84749343342353
701752,33.964668683257585
701753,21.712367814718903
701756,31.083681750433097
701757,44.305439276642474
701763,30.810801019186833
701765,28.16977608897064
701766,32.24140986263273
701768,37.87890364566885
701772,29.98593155381991
701775,20.56959379330711
701776,45.93790513996341
701783,41.408072760052185
701796,19.220948783058848
701804,22.349300917887557
701805,35.08939776761978
701808,29.14461575113177
701809,29.526535486825022
701810,24.940848159695037
701811,19.48918237533099
701820,54.07213679434452
701821,27.40208481276838
701824,28.967123300372613
701826,26.414703800352594
701831,39.93192779229428
701835,37.64618599330268
701838,36.681549220680445
701841,31.06777252514454
701849,32.647349966432806
701855,28.776162602907565
701859,31.204839934409243
701865,36.64152386377452
701872,35.45753364234452
701876,27.751980728003176
701879,35.74234448166561
701881,22.846310343379415
701892,30.65599668489362
701905,40.96361365884524
701908,34.200874625852386
701910,45.3502789635003
701913,19.751255134803518
701916,31.71937930727456
701917,23.65965405266072
701920,19.527149006653893
701934,37.228629649129836
701938,35.83858230208886
701941,42.46326072015625
701944,22.405284796527567
701947,26.554081944874266
701954,33.895756630754825
701956,23.520805010773174
701958,26.118836801124093
701959,26.155699721608975
701961,21.901968075261372
701963,42.83423778746671
701965,25.33653545066494
701966,34.79795028669908
701971,34.920907626977076
701973,34.59441630431995
701980,17.202470630175945
701981,38.00800865553556
701984,34.62847689758683
701985,33.4765601398182
701987,37.01126494898649
701992,33.208225791771326
701994,26.70888825268292
701998,42.61074321736352
702001,30.742468870374736
702008,38.53357067928919
702009,23.407844287816406
702014,26.097128704041488
702026,36.35810476960524
702031,46.824282738534485
702032,27.92231143963468
702034,27.062970758980324
702035,20.48397336062489
702037,28.783729971835264
702046,35.27497995943464
702053,24.190756125802203
702065,27.50176489920374
702077,33.75467473653507
702084,24.24268093417278
702094,22.748952892468004
702095,17.87004639961266
702101,33.51311071556233
702102,38.84197676517937
702116,44.40547752143226
702119,16.974628652992028
702139,29.306321757991988
702154,40.78019121575877
702157,25.651944014515735
702166,22.36885028157265
702168,38.71218128359759
702176,28.10538161826722
702180,38.656835726494734
702182,28.621379356060263
702189,40.2216889177455
702191,27.388358982621384
702192,47.720617966576306
702205,26.40634141124605
702209,53.53371679174739
702216,35.48809142522583
702224,22.737223963889228
702227,37.35804547081392
702229,22.557854347394837
702231,18.849409729535733
702237,23.305177056452212
702243,28.33468304601562
702244,26.47470741737123
702245,23.403534050274324
702254,23.16173350299542
702258,22.631386293568433
702270,31.618534508638902
702285,42.72255705789207
702287,33.755936033949205
702295,38.89253698133361
702306,36.41722452108522
702311,55.76286329035299
702330,38.95240840517537
702337,30.61662453519744
702340,51.595608480850416
702347,24.331409574426218
702348,32.83098976762638
702354,21.88405714428468
702355,31.220972799691783
702360,26.264663518978505
702364,37.18837447837502
702369,26.479829731841882
702380,38.09044761345094
702383,31.446963313820785
702388,35.41235794710522
702392,28.06032579426501
702396,36.366666179126796
702397,35.3419461837299
702399,27.100829170242722
702400,51.24931750727561
702405,29.448825569377505
702407,27.99936875796273
702408,29.956930863956885
702410,17.445754773543367
702414,43.67948201302137
702419,19.14136757919238
702423,25.551256860107365
702428,32.92945576952364
702432,36.175650250109925
702434,38.8559722433134
702445,30.798180512028825
702457,33.64483178390869
702460,22.487608865217723
702472,33.561092712363354
702493,34.368118188020745
702497,28.711123582540807
702498,42.72093001517267
702499,29.92563929779708
702511,39.484539202509524
702531,30.534233080709004
702540,33.274684468808545
702549,29.772761647084764
702556,23.745012608310724
702566,30.213843366795707
702568,18.380949197867203
702569,24.346106248026015
702570,26.684468326068437
702579,28.74193681388684
702588,19.389650826806136
702589,30.906788481086455
702590,27.9748679402612
702591,38.17624276602561
702594,33.52285142810972
702600,43.93690777811308
702602,25.672731405463225
702614,30.423588279989882
702622,42.543692695102095
702625,22.796404023534578
702631,27.121104550884844
702633,35.04977690741116
702648,18.003205726682577
702651,29.269972494682136
702655,34.24803839302758
702660,44.10873218727051
702667,29.541669756764218
702669,40.389014331405576
702670,39.37519970817447
702673,31.77496536203612
702681,35.67334191377531
702707,32.417570802983306
702712,33.85735936301914
702713,26.53741966151183
702723,24.868978067534375
702724,36.630202914967896
702745,32.1575677013355
702754,29.894219564931056
702759,37.57449278709486
702760,33.81731985149547
702764,31.668753755767554
702766,37.193998677574804
702767,35.7156017015969
702773,27.852945887806587
702786,45.95445088620856
702793,28.77779245438422
702797,36.01452230259772
702798,50.909033001094095
702803,29.010124725583946
702812,24.010257751681955
702813,31.88162146659081
702824,55.52448832868688
702831,32.87709275529748
702849,30.789410696151652
702853,25.130591032392438
702857,17.671169255609094
702860,42.87235491360626
702862,21.981712701505895
702864,42.6808798495637
702866,29.169821565551526
702869,27.35070274742142
702879,37.14229237729563
702894,45.12290794238261
702899,40.467652985286705
702900,24.87255496819769
702910,21.388830016542496
702915,30.872421031393422
702928,22.713716166943414
702930,24.21442160251017
702938,22.110301313379228
702939,35.09440897894126
702940,26.275868225389992
702944,25.790369279063963
702946,30.407606272353586
702949,38.512132036929195
702957,33.71623656573435
702958,33.04724282152044
702960,35.64076442112781
702963,24.937306877285838
702964,37.46527362169472
702966,30.580630642848273
702969,28.582485892598484
702970,41.39157228778151
702972,28.932753100390403
702973,32.13763914696618
702975,31.809582756768297
702976,19.981076127081256
702978,55.95466053116484
702982,35.50996042188792
702985,25.68697730692548
702987,22.765903505592657
702990,37.81040374236226
702992,22.285439746380984
702994,46.14869439803724
703011,49.85016549055723
703019,23.566791758413924
703021,41.799133733946064
703025,37.995768077899726
703039,23.824295455509798
703042,26.20662000760882
703046,33.42406032849571
703047,32.98812661476462
703049,26.777080846959922
703050,44.77523363150133
703052,36.27058775759966
703058,36.32135083337916
703065,39.63186519908974
703067,43.395769627962146
703073,33.151592454019756
703085,11.645865306137546
703086,30.422467706688266
703091,22.665712428007545
703099,27.417454572430298
703102,22.99898190687372
703108,19.721572984323597
703109,43.25953612097314
703114,35.604058328389804
703129,28.301601489179532
703136,37.974746595092924
703137,17.610683657110947
703145,54.0838471363788
703153,34.53533440868244
703155,24.5073509395217
703160,19.85098088430865
703170,28.488770167964326
703179,39.394989316674454
703184,27.941354145818558
703187,45.10431278620264
703192,28.53396369036421
703194,61.666724095281545
703196,23.396081274786066
703200,32.13774197777547
703205,44.61133718124315
703211,37.5810116337869
703213,30.2149842457482
703215,16.061246511283397
703235,29.666625508834233
703241,24.90114021875189
703262,37.17486410686783
703269,24.319336422365545
703270,33.1259464321644
703272,26.77278471618222
703275,42.49381092213334
703277,25.16790181912852
703285,18.185896100047305
703291,41.753292472509045
703299,34.62784927651661
703308,15.813387496903255
703313,24.88048145595425
703338,35.59669162495025
703354,29.423687882910258
703380,23.981942538166457
703387,24.357208628579944
703391,41.91327613707719
703393,31.528625191124583
703396,19.67976414248046
703405,22.725749982939487
703406,40.76210747326909
703411,34.45747548575379
703418,24.711091662740944
703420,31.47699470889917
703432,33.31165635700988
703435,28.46893239993066
703438,18.25011099856303
703439,29.651854326562425
703441,39.74241063959962
703447,30.777989892595695
703453,29.284368034762252
703464,23.733912339625757
703466,46.32527257649701
703468,41.20524322206759
703469,26.535071304052202
703482,34.42613677076665
703490,35.7236063933308
703492,32.53179969934127
703495,23.06348357787708
703500,32.16061020264497
703501,46.761883576845435
703504,37.2613642555295
703505,33.46722470813286
703510,37.59125028918635
703512,34.27802277180352
703515,35.583982271253
703516,39.40102416073986
703520,58.471912500655385
703523,27.704661979336223
703525,23.87051986500066
703532,44.992098008947764
703548,45.821008574218936
703552,44.69074017278868
703558,28.144903234655274
703568,47.02208284208701
703572,31.896487748181528
703581,41.484684599819936
703592,35.74793381740225
703595,42.17263045213534
703598,30.819462614559082
703607,29.628500492372734
703615,30.876706810535993
703616,26.455506636775983
703622,20.996317252556125
703623,56.93487868330467
703626,26.660064874925194
703627,31.87512850330602
703630,17.587898836914544
703631,24.160972387918058
703641,41.68066935180166
703643,34.99799806344412
703646,30.85266361957381
703647,31.721311463429142
703653,25.303311816530908
703655,31.63269192464687
703657,37.345917236140096
703659,30.624774278716018
703664,35.79824001705114
703665,25.42219682252326
703670,41.2525423290479
703675,37.890938322474426
703678,47.760454196734045
703681,25.896883322195706
703690,44.44443630417614
703691,29.93740079773811
703693,30.91081119923073
703703,38.907446073573105
703704,34.72402166590103
703706,34.25554409215287
703708,29.19264577943949
703711,26.269766921960503
703713,26.39465090337277
703721,50.042918423550894
703723,29.226403113877378
703732,28.27163389477982
703738,41.79108315984482
703745,29.722040714390694
703746,24.225878373999514
703747,42.81668035864098
703752,47.115919233845766
703755,24.550806505819214
703762,47.75941456078555
703770,22.25518185407502
703773,51.171665944247174
703775,29.308730475670274
703778,34.177895580105435
703785,38.235516720540836
703797,33.98562692080559
703804,42.349688728115176
703808,32.59097881872977
703814,27.760143979382175
703815,30.49105111022093
703820,31.009537562514872
703822,20.30093042748547
703828,34.260219480123574
703829,26.55624764713104
703832,27.476744456185756
703843,31.778108180484583
703845,41.475342865054486
703853,30.27734668026899
703859,36.48798666836626
703861,25.906858533718502
703862,24.98124539105627
703867,30.398070398946622
703870,24.058071234684817
703871,44.98826677992955
703873,27.981288571982024
703876,23.325968774654942
703883,39.42501595033281
703884,41.700207469112236
703887,36.63481045202824
703890,28.20572075865165
703903,25.728281587154687
703904,39.41778032043711
703912,42.5672849222834
703918,27.235233841083026
703923,35.01096006351677
703925,35.73076980223541
703927,25.401699238035558
703930,47.452346102066485
703934,39.963641228656975
703936,22.238624636879102
703937,28.265298613631263
703938,34.47190384008536
703950,19.372597017046463
703951,32.85435107210278
703954,33.58199277502751
703956,43.07359835793026
703958,27.608358694804107
703960,40.203730021014145
703966,19.493503879855815
703969,30.230178551755483
703988,33.565045169564115
704009,46.68905613168902
704010,19.82017111224751
704011,25.492007451549984
704023,33.6904673184835
704024,39.70763718958204
704025,23.801790385936354
704026,25.766166302419524
704028,26.6465676099487
704041,28.971913497510037
704045,21.9592397241686
704051,39.946363541156636
704052,23.716521838094007
704059,31.8992484940858
704061,39.49715004599563
704070,46.246402153398044
704071,22.173652737196235
704075,26.87896132050435
704076,25.392406688645192
704079,19.85791528795223
704080,20.138710597699944
704086,30.701497882295865
704089,25.60930902504437
704100,44.05279076079747
704106,26.753757543979088
704110,25.503773049955136
704122,21.07030131013402
704123,28.738574706467205
704128,23.650132554552
704141,37.48088045757431
704142,32.2562998918818
704143,42.32294259771048
704146,35.56271699972473
704151,30.23348322715038
704152,25.70998955701934
704154,35.327005126626695
704159,46.63254029656748
704163,30.105157537337554
704178,45.627080286553266
704179,40.799342395188766
704180,18.601044907784246
704186,30.798373400804163
704191,48.80515868024928
704197,27.98553901480924
704219,33.378683289035834
704223,21.720008876492013
704226,29.709376737293244
704233,33.252229067501105
704234,55.73059686384163
704272,32.7197681508819
704282,36.80121665933753
704283,36.66938845377405
704285,53.307000106691504
704290,27.67880247945727
704297,29.93572567935327
704305,28.27718893997014
704306,43.300358210631536
704315,35.27357800884369
704322,36.42404023146876
704327,45.03450927795187
704340,38.39008607756087
704344,33.39032841669671
704345,25.30575320824848
704353,38.68841003008648
704357,30.809166380883863
704359,37.29405071479674
704360,35.23811684037772
704361,38.79754359486705
704363,29.245010038663764
704365,37.23388832265598
704370,37.18344765325796
704372,27.606932214095345
704382,24.893716956399516
704383,24.559999994202496
704398,40.602445701344465
704402,36.75875730791334
704406,31.5710705407529
704414,20.11003633206394
704417,32.685181252933496
704421,24.787773472483675
704437,35.48621924901589
704440,28.834761131934805
704455,35.61612642781376
704465,18.52302210521914
704466,32.413110239608166
704469,29.50205231325687
704471,16.99322700966868
704473,20.25864229304294
704483,26.445469983750193
704484,31.281484362516785
704485,30.168742289081976
704486,29.69877185356861
704493,23.87258815484602
704501,42.61138021053285
704503,38.146155128019686
704504,29.5754031462991
704514,36.547819360625276
704519,37.08655052758333
704520,41.05153112046452
704522,20.63468461390218
704523,34.79267589045296
704524,22.84074890544366
704526,41.97941743921005
704529,20.720051555438193
704530,21.71288603912011
704531,35.10954345317663
704540,47.73337052413287
704541,29.493694264572497
704549,27.516264496828743
704556,35.42886188697508
704560,27.840166451956406
704567,35.18320659825984
704570,29.414432766249316
704571,39.38584568050811
704572,29.43648806077549
704582,42.219158006139295
704584,50.33250175092328
704586,28.826046437485076
704587,23.912111975210756
704591,37.82701534777673
704592,26.49992371814426
704614,43.131915644069345
704616,36.799761621893836
704619,31.129133039522845
704624,35.401245789856524
704627,20.174710936591584
704629,30.763076517882133
704631,57.13750817524519
704632,28.256741008956006
704637,45.33500061802079
704643,29.623159787404038
704644,34.934688989487036
704652,45.5788767019905
704655,24.637258807899006
704657,21.918200742124004
704658,56.73540735775291
704671,26.63744159622445
704674,38.526426845289336
704686,38.2694601134714
704688,24.975296148830886
704697,36.086079601900934
704698,33.14576473057453
704699,35.9636579250674
704704,26.45828416280169
704705,34.694325088876475
704709,32.61525290860687
704710,18.51810483949091
704712,39.10871915746378
704714,30.542799215196762
704725,36.75568337240267
704727,19.141266402742502
704741,23.034450649973685
704750,46.34696362796236
704751,35.881049782010805
704773,36.95098887264846
704774,26.996508781910023
704775,28.214035148106102
704782,41.928653395444115
704787,43.229057417517005
704790,23.436055542647953
704794,30.397949573886727
704802,42.75241928479689
704809,38.22208332358393
704822,22.751782974364815
704828,24.182887120161762
704830,31.24199669214676
704833,39.20712407197171
704834,25.415837593049048
704837,18.76339546318129
704847,33.907730424681425
704859,33.63866286242734
704861,41.54758887890155
704862,27.406483818543546
704865,37.460315036717056
704866,36.90791658314925
704883,36.24664033182173
704884,35.62225371724643
704887,31.7884238679805
704902,34.88721505185032
704906,35.84192596937168
704913,20.807850511937644
704916,27.061525309903562
704923,23.982490751509538
704931,22.324786748747652
704932,24.72285482070747
704933,22.88196525436127
704935,53.251361154595486
704943,29.08999737181259
704944,31.28228626959093
704954,23.355473374543934
704956,24.97507091101843
704963,40.43076235865415
704965,25.197033692512285
704967,13.785894749928813
704974,29.537941790256657
704980,22.763286754437058
704981,32.919322230602546
704989,29.189733227187503
704991,13.528618911171439
704996,31.46379349068803
704998,46.98221732390646
704999,30.443598650416902
705009,21.36935696915449
705015,20.68530038670518
705019,42.72548155191496
705026,32.957508760019415
705041,33.6780270676985
705049,30.768570535330422
705053,28.806170590871503
705056,14.401027569629223
705057,27.855533670422545
705058,24.180034479090953
705066,35.86002343972949
705070,40.42023569697137
705077,29.312744846570084
705091,35.75389291218887
705093,40.46666923584585
705099,42.93105144607119
705110,25.32929606443788
705111,26.940751913821774
705112,24.84881833078868
705113,30.639086651847727
705123,16.537611846091576
705125,36.199381205067425
705128,22.276521518936793
705133,20.852526053337968
705139,36.18451679122024
705140,39.698781198961676
705141,38.36103558851239
705142,27.41337509329758
705148,23.85492694516289
705149,35.28065688400181
705154,19.36978870122956
705157,15.901607016910708
705158,25.16454072271934
705160,26.092527461128572
705163,32.1406839956607
705167,35.94818896585055
705168,49.50435073363635
705182,25.7265178986037
705184,15.791146042069894
705190,32.32747875014723
705192,29.401951018604443
705193,36.313304155889846
705214,28.78237209286543
705215,31.12540466902401
705217,32.90418296645952
705220,33.4159296440464
705223,29.83728457581567
705227,35.84680931235236
705228,35.00433412053973
705231,24.890682457266145
705235,20.812454349930714
705248,30.359831997132442
705249,38.77256688133827
705253,42.57516424563817
705257,22.188014712231617
705266,26.92576272926262
705280,23.103935402005625
705283,35.73359786025947
705287,20.466384685297037
705291,32.22820989051587
705292,41.34297442120174
705293,30.673468334753956
705296,41.4200106341312
705301,26.036557622714476
705305,36.98335587621813
705310,34.605552243293026
705311,30.908421274000418
705312,24.52433886708681
705317,27.57252998114911
705323,21.57374253554735
705332,33.90502729839006
705334,31.112026629574498
705336,38.664670753648075
705337,35.71747595615185
705343,46.923802826641385
705348,24.428220696699892
705359,41.78042355348529
705366,23.91333421216805
705368,23.029190818705008
705369,37.400250770702065
705370,23.382335153686558
705372,34.93356404595165
705384,37.222967964462995
705395,28.46952906236169
705401,36.343024120705664
705410,35.198914287182966
705419,40.73500398678399
705422,30.285019274946446
705427,25.76803878462965
705429,40.614666903834944
705433,30.798410947210094
705434,27.591716647544278
705439,26.476411424592943
705444,54.03988234248663
705449,28.174702084628297
705456,40.758829350004106
705457,37.58037727973978
705466,53.854368660974394
705468,33.51316885451483
705474,26.902448954897462
705483,29.705090301157345
705487,17.324718854232817
705509,23.896241449378824
705529,42.27339203945261
705530,31.915611833094008
705548,25.748057232425566
705559,32.460611774843734
705565,25.413145250196767
705567,43.18829623117955
705572,22.535290595913487
705579,16.615198782615145
705581,35.427850726355054
705583,26.81783359891235
705585,33.49665945754982
705591,26.20088525897819
705609,17.695776741163353
705617,36.19358402030637
705619,32.00829698401489
705625,25.073245509472805
705628,23.794764586425533
705632,37.031937298582996
705636,40.0034170623704
705646,26.44244478650423
705647,40.4511544107706
705649,36.64462519045766
705651,27.77102529082481
705653,21.049909769318287
705659,30.59262587670818
705667,44.96648151318079
705674,26.2014885024462
705677,21.52090797334549
705680,26.644571418858895
705681,21.037286760842992
705689,31.11780005554266
705694,31.56507687345806
705696,25.76625438192207
705700,23.50708409420962
705709,53.47534840752419
705716,31.241437463654925
705721,43.02905129264745
705722,39.937351115692586
705723,26.489306178895095
705730,20.45345778938467
705732,22.978605363635985
705734,27.63823740643201
705735,25.59874959847071
705738,41.45760785882441
705745,32.57152807384643
705748,43.22555070914894
705750,46.00692733592901
705752,35.98736126637735
705753,32.39835610848648
705758,39.720354978906414
705767,24.713809464941896
705768,21.88211316435276
705770,25.86006626257825
705776,36.54159186355211
705777,26.62188274146031
705780,34.87163418461829
705781,32.734048874656395
705793,25.689087794668257
705794,34.16531669611261
705796,37.208519072099264
705797,33.63271730398046
705800,28.261716694526836
705804,53.500799163450814
705807,48.72833841102109
705810,27.9923102968653
705811,51.42969448558051
705814,41.95173253489256
705822,39.354126020665106
705823,44.16324905043589
705825,30.315852932239014
705839,26.412781540206268
705848,42.22795938312242
705849,21.67482091914443
705855,36.569772152104015
705857,30.43747426067178
705859,17.601027442724792
705860,18.736197184285704
705861,24.130204374590583
705865,38.01342191627674
705869,25.422497084065828
705870,34.97907868347574
705874,17.879400549743522
705878,33.66120524879905
705879,25.534518682057637
705880,28.358907672899527
705881,19.456448969785093
705889,31.9190408392318
705890,18.84323055662229
705900,25.40198771232206
705909,44.29406620769402
705917,48.33419375517188
705922,23.65097092446799
705925,34.33024415564879
705933,31.27474931950461
705942,22.93681356135282
705944,23.382941962033694
705945,28.89032049729162
705964,11.250183869780843
705965,31.37991166672675
705971,31.222867056342857
705973,27.245906442266286
705979,21.216483600276984
705981,32.88004540007865
705986,31.56071073583961
705994,27.472185697316142
705996,35.93949124567483
706002,31.272789788177974
706007,34.03539672435207
706008,37.465299581270195
706017,31.551959463517218
706019,21.017355116132745
706020,21.683986191808653
706028,27.626879990335997
706037,34.12493166209932
706043,40.315745055643426
706057,42.96657752589304
706059,36.671321887709446
706064,44.01042329970654
706066,39.08743157121393
706071,24.840629946425206
706076,30.83922232093435
706077,13.030842375523786
706080,24.12715001803838
706085,23.38197961069325
706097,21.159784132767147
706103,33.809861436159096
706111,21.712184560930073
706117,19.44919329733803
706125,43.071891179694774
706127,35.27282231590258
706132,40.79361008904419
706134,29.495334042990844
706138,39.65430168997706
706141,24.111521027103745
706150,24.63238877871133
706155,34.61958292269335
706157,39.86556555883345
706161,42.85065922277633
706162,13.243300233712443
706165,18.35059605121062
706173,35.43049263492634
706175,54.47337422551688
706183,21.460597123807656
706185,36.95187290490036
706188,32.685574896931406
706193,62.34848161915014
706197,27.658113915178678
706198,43.360129482681295
706200,21.23981671214046
706205,21.894472754387145
706207,29.97197381703252
706208,37.47409646368419
706215,39.11291200972661
706229,26.541844973003776
706230,24.244163941523322
706231,17.42826705525055
706235,39.68041456583895
706240,32.46559330091136
706242,25.256885221019264
706243,32.999223955696706
706244,27.61358194132435
706253,48.393246467999305
706257,35.08523909536154
706258,18.40230186745657
706260,26.701327763274435
706263,30.030695833911242
706269,32.54470052250661
706278,17.856334048713922
706287,41.454354517992634
706294,34.19590382539693
706297,41.47412465346339
706309,30.908290659126337
706311,41.613083841621936
706312,44.61297508089894
706313,24.90615961212269
706318,19.752382744680062
706326,23.200809817581288
706330,41.00530678230506
706337,43.503323932550266
706345,32.39950268245784
706350,38.17712859799981
706353,27.10488943416779
706355,27.53344897890038
706356,31.788481283225586
706359,27.446551238084812
706363,41.35290859306687
706368,26.406267109800538
706371,23.290714628914948
706372,23.456729811716166
706373,37.18506727183398
706376,34.92795710031196
706381,39.91583797826251
706385,43.06182730410843
706387,32.65421635248451
706390,35.68196001453227
706397,33.03474707963274
706403,16.177302575273725
706404,35.72994607540057
706406,42.37476043508379
706410,28.73828552183892
706413,37.006694576645465
706415,32.18262599760749
706422,34.37505072470513
706424,44.53587481341714
706431,31.66791566154563
706433,24.204496036618483
706442,25.491510758136464
706444,31.304210128008677
706446,29.971962636197663
706448,21.405088739514948
706461,35.55137577180632
706472,26.10123208928843
706473,20.241081877917203
706476,22.27595617292389
706479,32.116421682056234
706496,29.99627821088372
706498,26.5276863431905
706499,23.4518277903588
706500,29.274055394031866
706502,28.295427899628038
706505,48.61384776840302
706514,27.578429524684825
706516,51.484335143568835
706520,29.109795414222408
706522,23.29179801161483
706532,26.62548939401858
706533,43.03012521895156
706534,38.17185756806468
706537,38.807650442653205
706538,30.23910666591973
706546,27.39557922906143
706547,22.628054838096745
706551,40.26296048555807
706552,33.771042338618834
706561,34.85199815230131
706564,33.47612690295139
706572,33.45441944620204
706579,35.9769367879981
706592,21.287993581521054
706600,42.385788338628856
706601,22.440021691305656
706603,41.6622178549997
706610,29.64506030442705
706616,27.08164572701094
706617,24.855448581618866
706622,34.73593293352103
706624,40.24935694178386
706633,40.057817465814225
706637,25.902522989705044
706641,28.345416054522335
706661,46.81814240376146
706667,37.70423961421868
706668,23.244576859711934
706674,32.85275464054271
706676,41.34485111382301
706678,16.303708135199987
706680,17.258348619127876
706690,35.9074244297901
706691,22.922216569388265
706692,26.848586188920343
706698,21.17275338993017
706703,29.497293468921047
706713,32.64871477661326
706719,40.15321187453682
706720,27.59942469779878
706735,37.234712748048366
706736,44.57690821368681
706743,26.939664212169436
706747,33.980617709326125
706748,23.9134273814261
706754,35.614807422284656
706757,22.55241237010288
706759,25.479728287903164
706762,43.75469979011105
706764,24.06864024949435
706769,32.319466375386924
706772,30.773668077441858
706778,24.36945983860296
706780,32.89521648343071
706788,39.2199756559404
706791,23.565709372679645
706798,22.124584051546577
706799,22.79677055228634
706803,27.6102367961377
706809,44.546181747772835
706816,23.403443307640725
706818,20.657188418253135
706820,41.64066774613821
706825,19.094833518046332
706829,52.58914093019284
706833,18.289382871290353
706836,29.675368722570376
706837,27.031856374840586
706841,35.42942860954635
706843,24.075329167321154
706846,28.706600974548852
706858,48.497001424581995
706864,28.55932205752957
706875,28.030033026592623
706878,26.577529511758428
706882,28.0373020265992
706888,22.908566467947722
706891,39.83107503542309
706895,35.021899628908734
706901,20.11018230750946
706904,14.690644089568847
706913,23.73966520909446
706915,36.39715009183345
706916,30.46563946804228
706917,30.949976725341106
706918,27.690342259327476
706919,21.58563778767281
706922,26.338141912183026
706932,32.84617991117217
706933,41.224724739501134
706936,25.23286777972611
706942,30.066966017730575
706950,37.87552258598731
706956,38.212862774149805
706965,37.826866798635315
706973,28.844216293008024
706980,21.597750544441162
706985,33.269196726382525
706988,41.27084728100432
706995,37.02659879585492
706997,26.045064703189205
707001,45.00783698504899
707004,28.370152883716187
707010,43.43153430106424
707011,31.50908423515022
707013,18.174427885090026
707018,50.26778522762663
707019,41.37738613058734
707021,64.33700714545135
707023,44.7315623183014
707030,28.560450215922067
707045,28.054772522141555
707047,25.026720938975117
707048,28.489581750471103
707050,22.00784054973572
707053,18.149552601631783
707057,39.47634454689741
707063,36.941018283016405
707065,50.317107033813414
707082,36.463656477205035
707085,34.625933415846085
707100,35.43296161374776
707106,36.80878615890854
707107,31.395354196584133
707127,26.317248307788976
707133,31.159645713198177
707135,37.8619297010488
707136,36.65067733108026
707144,34.851482465908916
707152,36.32502889978142
707158,35.85143553221095
707162,30.426969103118115
707172,38.10853532915853
707173,40.16900924726129
707196,33.27819753198214
707204,43.993365334985825
707211,41.48548079489209
707213,53.909879866252204
707214,31.23813412680609
707227,48.07926289146362
707230,20.457514290516244
707233,37.717980436454596
707235,41.19062569754406
707246,27.832340093908243
707247,47.21453424724419
707248,33.06503881654692
707249,33.398687206135456
707250,31.36784860673815
707251,31.301643833048935
707257,35.61424241295834
707258,28.213571488959406
707273,44.30503756174619
707276,34.67239666243094
707287,34.75864222075942
707289,45.54072332083079
707290,34.170381314339366
707291,40.102683020617974
707292,29.46412733118887
707294,19.18372377143925
707297,30.660195420367913
707303,23.697723521768108
707304,26.572401274262027
707307,32.90858719830194
707313,31.871813650128843
707314,23.87681131425739
707327,25.825633910986962
707328,52.10633347885674
707329,32.485804624854374
707331,36.631822152849395
707332,39.64100410568918
707333,38.64468464505029
707337,21.583327865198964
707338,39.67656034210456
707341,18.061161003858206
707345,26.976070244522262
707346,41.27377132871635
707348,43.66608423606808
707351,27.525772112149994
707355,36.003866818171595
707358,25.093731276942272
707359,33.4103994149494
707360,24.39241505079686
707367,45.95042433922301
707368,24.141399566895902
707378,37.40209464069691
707379,19.9153539860163
707385,38.66203163052034
707391,22.29721387969016
707410,40.1945969267158
707418,37.52961171681998
707420,23.667002932624253
707424,47.24958090197334
707427,36.36113791414923
707428,24.761266005341064
707430,34.66904155853297
707433,30.65837940948745
707449,47.5937705070392
707452,29.49234222756705
707459,24.823164573444984
707469,36.14286519069241
707484,39.182945127846054
707486,21.842969838421563
707488,12.458591849220353
707496,24.005986222779892
707500,22.27460211663303
707501,37.930720002623495
707505,32.041580580239206
707506,30.307880759206203
707507,44.46236064635673
707508,33.98945457770189
707509,35.10975991836481
707510,37.90343294600882
707516,27.00192787192539
707518,34.56819547103097
707534,51.56949142430977
707537,25.63498340961968
707538,44.647097565433164
707542,45.16878677718835
707547,47.696850406707505
707552,33.573039008022626
707567,35.4505078354743
707588,37.858695270370355
707598,25.660879740565154
707599,40.29317349997178
707605,36.20304993638981
707607,37.63135298498535
707611,38.13851222413889
707618,35.74783193775922
707622,36.89417405935262
707623,34.68597522278267
707624,21.41046525872682
707643,23.51470529589768
707644,39.263151752039406
707649,30.70079017855404
707658,21.440904627969772
707663,31.212978888695137
707666,15.275773820051386
707670,18.879444137530044
707678,22.729637537392968
707679,38.45122485818796
707682,41.50146680105035
707686,28.09376170611252
707689,42.363195182865304
707691,32.89406181011023
707698,49.24567358191995
707699,44.47050222237373
707706,35.2887036495715
707708,21.12056597164115
707709,56.25691122385032
707713,30.727284851289948
707721,15.240606985334221
707727,39.629122237454624
707735,27.318531292497614
707740,41.39498914411097
707745,25.064662966642747
707746,27.945287065060413
707753,26.71412164507376
707761,19.119469557696515
707767,32.6360212609116
707770,30.795346049428517
707771,42.92620249826357
707774,29.92199578368996
707776,34.0286987080482
707783,29.26209950247735
707793,38.35232169796311
707800,29.51563857537387
707805,23.863631314460154
707806,18.925294516021456
707809,37.734214723969494
707813,22.230541138206217
707821,29.630187783769887
707829,30.019793423197232
707836,33.31733611552634
707839,27.682243880442073
707846,37.64681953931451
707853,41.77330865261862
707861,18.338567905009583
707872,25.241536820650843
707878,27.062899756398462
707881,26.234074545583606
707891,38.61600797077631
707900,28.57978447448168
707902,28.997052399942454
707904,41.61037237900906
707906,20.781204112371647
707908,19.794234859713672
707910,21.625607448340418
707912,43.61308476718224
707924,35.88841609997538
707925,14.40711427645624
707929,23.38022222750199
707942,28.06265597220958
707944,26.545283216004545
707945,25.884733239654807
707947,33.83961446828557
707952,23.987097560052582
707953,34.25147606200771
707956,25.492444629903257
707957,34.481520604361116
707961,33.287744206605005
707976,24.312045215387077
707989,35.8237869843782
707990,25.140203444270576
707993,22.596655405258613
707998,26.68396309748469
708005,38.81175339447703
708018,43.50129906313582
708032,19.493793351775494
708044,33.92685570232405
708046,40.9842113230795
708056,26.734996245080083
708066,44.065865196762665
708068,28.99534854345343
708072,22.624895970223257
708077,28.512042747353895
708081,22.012323994027565
708084,39.07181866304291
708091,21.13565791274574
708092,32.690136435318045
708093,22.294480392489753
708125,28.86886176734892
708126,22.59559078958618
708127,38.49763457908936
708130,30.57180706719502
708132,20.83133417120643
708142,44.42113497669485
708143,27.20125519124948
708147,40.712009328496656
708148,48.026016159349375
708149,34.91459698066754
708159,26.00711311264123
708165,27.824152059126877
708177,34.81808364644911
708185,40.3476460496828
708188,34.79794986169837
708201,31.630611295861872
708203,52.123047081957125
708208,31.906111399284686
708210,35.96497512889846
708211,21.905524388265132
708213,32.87062768362686
708225,38.5046104509645
708227,53.8955613239236
708230,20.689929159272037
708235,37.1027079320015
708237,34.228868183687744
708242,33.284723008620766
708248,35.06811517804518
708255,39.330198296893684
708257,24.112644154940273
708258,32.88332136666912
708262,39.264027634943204
708269,14.412228458955495
708275,23.46468740182461
708285,29.555160758617596
708298,32.77045100869263
708301,35.01899452645605
708305,45.070252397487614
708308,26.938002483419684
708309,53.72426423531141
708313,41.04089392227862
708315,44.435665189331225
708319,21.947199533163804
708321,28.92356531370541
708332,37.22255327446298
708335,27.124203695352858
708338,32.662545483729424
708340,36.93348270693689
708346,44.799269456634136
708347,39.88401101618188
708358,37.213490020261254
708360,26.544242595697497
708361,42.91956322343623
708368,39.40606149619987
708370,20.82999581481077
708373,40.48856682241491
708382,32.57872956909607
708384,47.4220781341302
708389,28.02549177658552
708390,32.78170455707221
708391,23.107046150705703
708394,27.97588869184938
708403,44.542005134488946
708413,36.05942883187706
708417,37.531280526055674
708421,55.29788962879109
708424,28.108549284568205
708425,36.571389767566494
708426,29.31989649144778
708436,47.3338632135611
708439,53.85890395933967
708447,47.54666662699411
708448,32.51434094962173
708449,38.00099757290138
708464,32.612730454229485
708468,38.207803671407
708469,31.651402678499057
708470,34.68493223646955
708471,29.82259888550846
708472,35.04954374433943
708477,37.89662429021857
708483,30.412693998846052
708484,30.148653467857155
708497,19.17860143405141
708501,29.879700237887587
708503,35.995261677462004
708508,37.708745024871554
708513,24.602937962943894
708515,31.032886503798302
708524,33.965596439301144
708525,31.534971308517182
708526,36.25824238346821
708528,22.63321079003559
708533,36.067034443894045
708534,20.388118835179306
708543,31.986713594762058
708544,37.74849557042587
708547,32.757532374033296
708548,31.769354505968856
708549,38.206040112490726
708576,26.283373253174858
708578,32.34049679582887
708582,29.73111994479901
708583,27.810314176266164
708592,48.09695361043755
708601,39.20950607606454
708604,44.49981238845329
708609,27.338027194638286
708610,22.838588148168018
708611,34.1730684729571
708612,26.123629385755933
708616,23.73114158993087
708619,28.636600319341504
708623,32.53509448437359
708630,28.333665328712446
708632,39.58356140543631
708648,37.2336976117263
708654,30.83326056700495
708662,13.465245876886778
708667,23.964597572797267
708669,29.04724930294585
708674,19.347635094450546
708675,31.89746842498976
708685,35.8307333952948
708693,23.854231879456187
708695,33.18665852108291
708706,19.039922414642042
708708,16.593445524077648
708709,24.422462364245508
708711,24.815486156875302
708717,30.178645611368953
708720,29.504964024275733
708729,27.271593078216977
708734,23.463150448168204
708741,49.82705229826874
708746,34.61379521055397
708758,33.169739791027474
708760,41.13078156287347
708764,29.35214524513053
708769,31.21596856498011
708773,36.70164750327627
708791,20.121823176583252
708794,37.33514055591855
708803,21.457191209723224
708809,41.84106887689374
708820,30.033142301050148
708825,58.14305269212359
708827,27.057182201068322
708828,29.45211215347918
708834,37.65154714180365
708836,31.759277047285114
708838,25.896596583965998
708844,35.2169775335124
708853,39.51301160929421
708865,22.11370693897708
708870,18.936913674511754
708886,31.65221887914463
708889,27.515449996381566
708890,26.901658270566326
708896,32.37268025128611
708898,27.819691681376522
708910,45.98969657710434
708918,24.566316361183333
708928,25.422274486749778
708936,40.25225016528407
708941,38.13432587351082
708946,30.560720834514708
708976,34.39681471450935
708982,26.553941693517405
708983,38.047199015315655
708995,32.46391566367804
708999,34.51777281869732
709005,22.2449870598162
709011,22.035449337385945
709020,20.88737571890804
709026,26.96868718085175
709030,30.62966664646923
709033,34.901249115685374
709037,37.68584334676374
709039,16.85012464408924
709040,35.753379556479366
709044,24.53317295356385
709046,32.96798853756239
709055,30.156863743511963
709074,23.729707610804248
709077,26.940491516823244
709083,18.638075644496272
709085,30.31030903250375
709086,22.359703578862508
709093,38.33786855592098
709094,23.29618172430662
709096,18.0497630217982
709099,30.622508601384187
709102,13.717233926011257
709106,29.27168086960691
709119,19.701560623667024
709129,36.59820683233918
709130,32.90773816750842
709137,32.598918746409154
709139,33.27216067086194
709147,32.65791427858553
709150,41.9775029388458
709157,37.2275027671388
709161,36.34981877012449
709162,30.09794504807146
709165,17.980493537687163
709167,32.466915759166966
709179,38.67909490612523
709181,27.39805654537041
709183,25.738170367995792
709186,45.093103984312876
709188,40.58420828691887
709193,18.58133239352049
709197,17.78615180006247
709200,27.743984961856402
709203,59.88753273112652
709208,28.111315257783023
709215,26.166916064117142
709217,23.128397553182438
709219,31.996276557669354
709220,28.22567493030858
709225,39.30121909481551
709226,40.27056593026083
709227,35.977634807143424
709237,29.53167430085267
709240,23.106904279637533
709242,38.96763712895824
709244,28.857721294080864
709248,35.3634324976118
709250,26.8244482687522
709258,34.73915111675582
709264,28.946266574832254
709265,29.54939160087828
709266,33.791982308952434
709272,39.14065555340325
709276,24.479776212136393
709291,41.35560468333775
709297,30.9607147431287
709302,18.267598148462774
709305,43.61997798235535
709310,35.45254657828884
709323,27.249361753725548
709340,42.64443042426732
709344,17.621411872723986
709346,32.77848245778997
709354,25.560338081533807
709356,29.06898476608126
709358,28.931866828041503
709362,22.43943176843666
709367,27.575842676516036
709372,26.579270794639843
709373,27.191202964268594
709375,26.001623604983653
709380,28.03273588485138
709384,31.032542891018736
709386,30.655212900277295
709394,25.00948546436951
709400,23.4371768672077
709404,36.366375475048095
709415,34.56226683876003
709420,36.695736931849375
709422,16.998470203677318
709424,31.536841910819966
709428,33.96281669367106
709433,44.54306352744703
709434,31.505728071371955
709440,17.816394884479603
709442,20.480366428102286
709449,19.086967971627825
709450,31.34086603498098
709451,40.219163512153145
709457,33.09123470924894
709459,29.146025420775835
709462,31.296402119511026
709465,31.772240179157848
709468,43.37933344848601
709472,31.117527934464665
709474,35.48416826225531
709481,21.18647252063302
709486,22.75828963596482
709490,38.138366659630925
709492,34.19681217165471
709494,22.909609771795154
709503,35.64070753932196
709514,28.735555929730115
709515,26.51268613864829
709516,35.467366535815344
709518,41.07503957020726
709521,34.15171465548435
709531,31.84341579468204
709533,28.59559213611731
709542,36.88519039889951
709553,35.95464678521932
709558,24.261936428334636
709562,36.62553916362652
709568,39.616625035336874
709569,31.155013623561242
709570,27.67016593571405
709577,28.780047190862355
709578,26.250461871961107
709581,28.452576400116037
709589,33.26784934521639
709590,37.859306687537845
709594,43.48853880740346
709604,29.199938712576124
709622,32.11175046972187
709625,34.652380897129326
709626,18.295383869389504
709628,24.208640672872423
709639,31.58481643041486
709641,32.03013282032943
709661,23.301627676351
709665,31.933048124264626
709669,32.71159541209373
709674,39.12413229063343
709685,40.999556304434584
709686,36.34630419066713
709696,27.482461909956246
709699,20.477137876359212
709710,37.17520908358501
709714,25.1530591521944
709716,26.354065257872016
709736,29.373237190998424
709737,31.507557406404324
709742,48.10914431557082
709753,26.185061390226227
709755,43.54120623293815
709765,21.69696932587983
709771,22.34884481338619
709772,15.580923168308393
709776,47.861581410117424
709778,35.835754137578405
709782,41.02566222065999
709789,15.79902541354803
709809,37.86255995830358
709813,38.11202667937028
709814,27.140043437586538
709815,25.628590889086627
709818,19.837038995041173
709819,28.384801312946603
709824,21.999091919234075
709830,38.7104953865885
709833,31.693295937229404
709841,31.975500251663586
709843,24.491370710022423
709845,28.544813946132724
709864,31.977472531945864
709879,36.44717825927064
709888,35.21970539551032
709889,44.77481646777477
709891,24.152090906729928
709897,25.232037610373194
709900,42.29518751700824
709903,27.752827575642822
709905,30.705080176363065
709913,28.19301610254949
709924,45.647685541354775
709925,36.475607906732115
709930,30.642844392505864
709933,38.55180032176038
709939,21.430716509436156
709944,28.94908298932352
709945,39.590353163297436
709948,33.74547664226606
709951,32.1427547403595
709963,26.276203231894673
709964,20.016515467708274
709967,21.42255831151722
709972,14.639139380050873
709978,32.992966895639285
709980,33.6064673068341
709982,37.58501028641904
709988,31.02376343033328
709992,35.59795145739497
709995,39.606287439776644
